name;father;mother;house
Viserys II Targaryen;Daemon Targaryen;Rhaenyra Targaryen;House Targaryen
Walder Frey;;;House Frey
Addison Hill;;;House Swyft
Aemma Arryn;;;House Arryn
Sylva Santagar;;;House Santagar
Tommen Baratheon;Robert Baratheon;Cersei Lannister;House Baratheon/Lannister
Valarr Targaryen;;;House Targaryen
Viserys I Targaryen;Baelon Targaryen;Alyssa Targaryen;House Targaryen
Wilbert;;;
Wilbert Osgrey;;;House Osgrey
Will;;;Night's Watch
Will orphan;;;
Will squire;;;
Will Standfast;;;House Osgrey
Will Treb;;;House Osgrey
Will Humble;;;House Humble
Willam;;;
Willem Wylde;;;House Wylde
Willifer;;;
Willit;;;House Swyft
Willis Wode;;;House Wode
Willis Fell;;;House Fell
Willow Heddle;;;Brotherhood Without Banners
Willum;;;
Wolmer;;;House Webber
Willow Witcheye;;;
Woth;;;
Wulfe;;;House Greyjoy
Wyl the Whittler;;;
Wyl guard;;;House Stark
Wyl Waynwood;;;House Waynwood
Wun Weg Wun Dar Wun;;;
Wylla;;;House Dayne
Wynafryd Manderly;;;House Manderly
Xhondo;;;
Ygon Farwynd;;;House Farwynd of the Lonely Light
Yna;;;Happy Port
Yohn Farwynd;;;House Farwynd of the Lonely Light
Yorkel;;;House Targaryen
Yorko Terys;;;
Yormwell;;;
Young Henly;;;Night's Watch
Ysilla;;;
Zarabelo;;;
Zei;;;
Zekko;;;
Zharaq zo Loraq;;;House of Loraq
Wenda;;;Kingswood Brotherhood
Wex Pyke;;;House Botley
Timett;;;Burned Men
Joffrey Baratheon;Robert Baratheon;Cersei Lannister;
Laenor Velaryon;;;House Velaryon
Leobald Tallhart;;;House Tallhart
Maegor I Targaryen;Aegon I Targaryen;Visenya Targaryen;House Targaryen
Margaery Tyrell;Mace Tyrell;Alerie Hightower;House Tyrell
Naerys Targaryen;;;House Targaryen
Quence;;;
Quellon Botley;;;House Botley
Quellon Greyjoy;;;House Greyjoy
Quentyn Blackwood;;;House Blackwood
Quenton Greyjoy;Quellon Greyjoy;Lady of House Stonetree;House Greyjoy
Quhuru Mo;;;
Quickfinger;;;House Blackfyre
Quill;;;
Quentin Tyrell;;;House Tyrell
Quort;;;wildling
Qyle;;;
Rafe;;;
Racallio Ryndoon;;;Kingdom of the Three Daughters
Ragnor Pyke;;;House Greyjoy
Rainbow Knight;;;
Randa;;;
Rast;;;Night's Watch
Rawney;;;
Raymar Royce;;;House Royce of the Gates of the Moon
Raymond Nayland;;;House Nayland
Raymund Tyrell;;;House Tyrell
Red Oarsman;;;
Red Lamb;;;House Targaryen
Redtusk;;;
Red Rolfe;;;House Greyjoy
Redwyn;;;Night's Watch
Reynard Webber;;;House Webber
Reysen;;;
Rhaegel Targaryen;;;House Targaryen
Rhaena Targaryen daughter of Daemon;;;House Targaryen
Rhaena Targaryen daughter of Aegon III;;;House Targaryen
Rhaenys Targaryen;;;House Targaryen
Rhaenys Targaryen daughter of Rhaegar;Rhaegar Targaryen;Elia Martell;House Targaryen
Rhialta Vance;;;House Vance of Wayfarer's Rest
Rhaenys Targaryen daughter of Aemon;;;House Targaryen
Rhonda Rowan;;;House Rowan
Richard Farrow;;;House Farrow
Richard Lonmouth;;;House Lonmouth
Rigney;;;
Rob;;;House Osgrey
Rickard Tyrell;;;House Tyrell
Robb Reyne;;;House Reyne
Robert Ashford;;;House Ashford
Robert Brax son of Flement;;;House Brax
Robert Paege;;;House Paege
Robb Stark;Eddard Stark;Catelyn Stark;House Stark
Robin;;;
Robert Frey son of Raymund;;;House Frey
Robin Greyjoy;Quellon Greyjoy;Lady of House Piper;House Greyjoy
Robin Hollard;;;House Hollard
Rodrik Freeborn;;;
Roelle;;;House Tarth
Rodrik Stark son of Beron;Beron Stark;Lorra Royce;House Stark
Roger of Pennytree;;;
Roggo;;;
Roger Ryswell;;;House Ryswell
Rolder;;;House Lannister
Roland Crakehall Kingsguard;;;House Crakehall
Rolfe;;;
Rolland Darklyn;;;House Darklyn
Rollam Westerling;;;House Westerling
Romny Weaver;;;House Weaver
Ronald Storm;;;House Connington
Ronnel Stout;;;House Stout
Ronnel Harclay;;;House Harclay
Roone;;;
Roone maester;;;
Roryn Drumm;;;House Drumm
Roose Ryswell;;;House Ryswell
Rosamund Lannister;;;House Lannister of Lannisport
Rosey;;;
Rowan;;;
Rudge;;;Night's Watch
Runciter;;;
Rupert Crabb;;;House Crabb
Rus;;;Drowned men
Rusty Flowers;;;Night's Watch
Ryam;;;
Ryk;;;
Ryles;;;Night's Watch
Rymolf;;;House Greyjoy
Svrone;;;
Saathos;;;
Sailors Wife;;;Happy Port
Sallor;;;Stormcrows
Salloreon;;;Antler Men
Sam Stoops;;;House Osgrey
Samwell Spicer;;;House Spicer
Sargon Botley;;;House Botley
Scarb;;;
Sawwood;;;Night's Watch
Sedgekins;;;
Sefton Staunton;;;House Staunton
Serra;;;
Sharna;;;
Shella;;;
Sherrit;;;
Shortear;;;House Lannister
Shyra;;;House Stark
Sigfry Stonetree;;;House Stonetree
Sigrin;;;House Greyjoy
Simon Leygood;;;House Leygood
Sky Blue Su;;;
Skinner;;;House Bolton
Skittrick;;;House Stark
Skyte;;;
Sloey;;;
Spare Boot;;;Night's Watch
Softfoot;;;Night's Watch
Spotted Pate of Maidenpool;;;Night's Watch
Squint;;;House Greyjoy
Squirrel;;;
Steffarion Sparr;;;House Sparr
Stafford Lannister;Jason Lannister;Marla Prester;House Lannister
Steffon Fossoway;;;House Fossoway of Cider Hall
Steffon Hollard;;;House Hollard
Stannis Baratheon;Steffon Baratheon;Cassana Baratheon;
Steffon Varner;;;House Varner
Stone Thumbs;;;
Stonehand;;;
Sybassion;;;
Sylas;;;House Greyjoy
Symon Stripeback;;;House Targaryen
Symond Botley;;;House Botley
Tagganaro;;;
Tal Toraq;;;House Targaryen
Talea;;;
Talla Tarly;;;House Tarly
Tansy;;;Peach
Tansy orphan;;;
Tarber;;;
Terrance Lynderly;;;House Lynderly
Terro;;;
Theo Frey;;;House Frey
Theobald;;;
Thistle;;;
Theon Stark;;;House Stark
Thormor Ironmaker;;;House Ironmaker
Tim Stone;;;Night's Watch
Timon;;;
Timett father;;;Burned Men
Timoth;;;House Martell
Tobbot;;;House Clegane
Toefinger;;;
Todric;;;
Tom Costayne;;;House Costayne
TomToo;;;House Stark
Tommard Heddle;;;House Heddle
Toregg;;;
Torrek;;;Stone Crows
Tothmure;;;
Torrhen Stark;;;House Stark
Tregar;;;House Lannister
Tregar Ormollen;;;
Tristan Ryger;;;House Ryger
Tristifer V Mudd;Tristifer IV Mudd;;
Tristimun;;;Sea watch
Tristifer IV Mudd;;;
Tuffleberry;;;
Tumberjon;;;Night's Watch
Tumco Lho;;;
Turnip;;;House Stark
Turquin;;;
Tybero Istarion;;;Second Sons
Tymor;;;House Greyjoy
Ulf the Ill;;;House Greyjoy
Tywin Frey son of Raymund;;;House Frey
Uller;;;House Greyjoy
Umar;;;Moon Brothers
Umfred;;;House Baelish
Umma;;;Faceless Men
Urreg;;;
Urek Ironmaker;;;House Ironmaker
Urrathon;;;
Urzen;;;House Greyjoy
Urron Greyiron;;;
Urrigon Greyjoy;Quellon Greyjoy;Lady of House Sunderly;House Greyjoy
Uthor Underleaf;;;
Utt;;;Brave Companions
Vaellyn;;;
Varly;;;House Stark
Veiled Lady;;;
Vickon Botley;;;House Botley
Violet;;;
Victor Tyrell;;;House Tyrell
Walda Frey daughter of Lothar;;;House Frey
Walda Frey daughter of Edwyn;Edwyn Frey;Janyce Hunter;House Frey
Walda Frey daughter of Rhaegar;;;House Frey
Walda Frey daughter of Walton;Walton Frey;Deana Hardyng;House Frey
Walda Frey daughter of Merrett;Merrett Frey;Mariya Darry;House Frey
Walda Rivers daughter of Aemon;;;House Frey
Walder Frey son of Jammos;;;House Frey
Walder Frey son of Emmon;Emmon Frey;Genna Lannister;House Frey of Riverrun
Walder Frey son of Ryman;;;House Frey
Walder Frey son of Merrett;Merrett Frey;Mariya Darry;House Frey
Wallen;;;Night's Watch
Walton;;;House Bolton
Walys Flowers;;;
Wat Barleycorn;;;House Osgrey
Blue Bard;;;House Tyrell
Wat orphan;;;
Wat sailor;;;
Wat Standfast;;;House Osgrey
Wat Wet;;;House Osgrey
Wate;;;House Targaryen
Watt;;;Night's Watch
Wayn guard;;;House Stark
Weasel;;;
Wendell Webber;;;House Webber
Wendello Qar Deeth;;;
Werlag;;;House Greyjoy
Rafford;;;House Clegane
Jhogo;;;House Targaryen
Sour Alyn;;;House Bolton
Tobho Mott;;;
Zollo;;;Brave Companions
Tanda Stokeworth;;;House Stokeworth
Samwell Tarly;;;Night's Watch
Abelar Hightower;;;House Hightower
Addam Frey;;;House Frey
Addam;;;
Addam Osgrey;;;House Osgrey
Aegon Frey son of Aenys;;;House Frey
Aegon Frey son of Stevron;Stevron Frey;Jeyne Lydden;House Frey
Aegon I Targaryen;Aerion Targaryen;Valaena Velaryon;House Targaryen
Aegon II Targaryen;Viserys I Targaryen;Alicent Hightower;House Targaryen
Aegon IV Targaryen;Aerys II Targaryen;Rhaella Targaryen;House Targaryen
Aegon Targaryen son of Baelon;;;House Targaryen
Aegon III Targaryen;Daemon Targaryen;Rhaenyra Targaryen;House Targaryen
Aegon Targaryen son of Jaehaerys I;;;House Targaryen
Aegon Targaryen son of Aenys I;;;House Targaryen
Aegon Targaryen son of Rhaegar;Rhaegar Targaryen;Elia Martell;House Targaryen
Aemon Costayne;;;House Costayne
Aenys I Targaryen;Aegon I Targaryen;Rhaenys Targaryen;House Targaryen
Aethan;;;Night's Watch
Aethelmure;;;
Aggar;;;House Greyjoy
Agrivane;;;
Aerys I Targaryen;Daeron II Targaryen;Mariah Martell;House Targaryen
Alaric of Eysen;;;
Aerys II Targaryen;Jaehaerys II Targaryen;Shaera Targaryen;House Targaryen
Alebelly;;;House Stark
Alequo Adarys;;;Band of Nine
Alester Oakheart;;;House Oakheart
Alia;;;
AllforJoffrey;;;
Allaquo;;;
Allyria Dayne;;;House Dayne
Alicent Hightower;;;House Hightower
Alyce;;;
Alvyn Sharp;;;House Sharp
Alyn Hunt;;;House Hunt
Alys Arryn;Jasper Arryn;;House Arryn
Alysanne Bracken;;;House Bracken
Alyn Velaryon;;;House Velaryon
Alysanne Osgrey;;;House Osgrey
Alyssa Arryn;;;House Arryn
Alysanne Hightower;;;House Hightower
Amabel;;;House Whent
Ambrode;;;
Andrey Dalt;;;House Dalt
Andrey Charlton;;;House Charlton
Argrave the Defiant;;;House Butterwell
Armen;;;
Arneld;;;
Arnell;;;Night's Watch
Arrec Durrandon;;;
Arron;;;Night's Watch
Arryk guard;;;House Tyrell
Arron Qorgyle;;;House Qorgyle
Arson;;;
Aubrey Ambrose;;;House Ambrose
Ayrmidon;;;
Baelon Targaryen son of Viserys I;;;House Targaryen
Baelon Targaryen son of Aerys;;;House Targaryen
Balon Botley;;;House Botley
Baelor Targaryen son of Daeron II;;;House Targaryen
Bandy;;;House Stark
Bannen;;;Night's Watch
Barre;;;
Barbara Bracken;;;House Bracken
Barth brewer;;;House Stark
Bass;;;Night's Watch
Bearded Ben;;;Night's Watch
Becca;;;House Arryn
Beck;;;
Belandra;;;House Martell
Beldecar;;;
Belis;;;Alchemists' Guild
Bellonara Otherys;;;
Bella;;;
Ben;;;
Ben Blackthumb;;;House Whent
Ben Bones;;;House Bolton
Ben Bushy;;;House Bushy
Benedict;;;
Benjen Stark Bitter;;;House Stark
Benjen Stark Sweet;;;House Stark
Bennet;;;
Bennis;;;House Osgrey
Beqqo;;;
Bennarion Botley;;;House Botley
Beron Blacktyde;;;House Blacktyde
Bertram Beesbury;;;House Beesbury
Bessa;;;
Bessa Winterfell;;;
Bess Bracken;;;House Bracken
Bethany Blushing Bethany;;;
Bethany FairFingers;;;
Bharbo;;;
Big Boil;;;
Blind Doss;;;
Blane;;;Night's Watch
Bodger;;;
Borcas;;;Night's Watch
Bors;;;House Martell
Borroq;;;
Boy;;;
Brandon Stark Bad;;;House Stark
Brandon Stark Burner;Brandon Stark;;House Stark
Brandon Stark the daughterless;;;House Stark
Brandon Stark son of Cregan;Cregan Stark;Lynara Stark;House Stark
Brandon Stark Shipwright;;;House Stark
Brea;;;
Brella;;;House Baratheon
Brenett;;;House Frey
Briar;;;
Brogg;;;
Brusco;;;
Brown Bernarr;;;Night's Watch
Bryan of Oldtown;;;
Bryen;;;House Baelish
Buford Bulwer;;;House Bulwer
Bump;;;
Buu;;;
Byan Votyris;;;
Byam Flint;;;Night's Watch
Byren Flowers;;;
Byron;;;House Baelish
Cadwyl;;;House Greyjoy
Lord Cafferen;;;House Cafferen
Calon;;;House Stark
Cadwyn;;;House Lannister
Canker Jeyne;;;
Carellen Smallwood;;;House Smallwood
Cass;;;
Carrot;;;House Royce of the Gates of the Moon
Castos;;;
Cedra;;;House Martell
Catelyn Bracken;;;House Bracken
Cedric Payne;;;House Payne
Cedrik Storm;;;House Buckler
Cerrick;;;House Webber
Cetheres;;;
Catelyn Stark;Hoster Tully;Minisa Whent;House Tully
Cheyk;;;Black Ears
Chiggen;;;
Clarence Crabb;;;House Crabb
Clarence Charlton;;;House Charlton
Clarence Crabb Short;;;House Crabb
Clement;;;
Cleyton Caswell;;;House Caswell
Clifford Conklyn;;;House Conklyn
Colen of Greenpools;;;House Baratheon
Collio Quaynis;;;
Conn;;;Stone Crows
Coratt;;;Stone Crows
Cosgrove;;;House Butterwell
Cossomo;;;
Courtenay Greenhill;;;House Greenhill
Cregan Karstark;;;House Karstark
Cutjack;;;
Dacks;;;House Redfort
Daella Targaryen daughter of Jaehaerys I;;;House Targaryen
Daella Targaryen daughter of Maekar I;;;House Targaryen
Daenerys Targaryen daughter of Aegon IV;;;House Targaryen
Daeron I Targaryen;Aegon III Targaryen;Daenaera Velaryon;House Targaryen
Daena Targaryen;;;House Targaryen
Daeryssa;;;
Daeron Targaryen son of Viserys I;;;House Targaryen
Dagon Ironmaker;;;House Ironmaker
Daeron Targaryen son of Maekar I;;;House Targaryen
Daeron II Targaryen;Aegon IV Targaryen;Naerys Targaryen;House Targaryen
Dake;;;House Osgrey
Dale Drumm;;;House Drumm
Dalla Dragonstone;;;House Baratheon of Dragonstone
Damon Lannister;;;House Lannister
Dan;;;
Damon Lannister son of Jason;Jason Lannister;Alys Stackspear;House Lannister
Darla Deddings;;;House Deddings
Danos Slynt;;;House Slynt
Daughter of the Dusk;;;
Del;;;
Denestan;;;
Denyo Terys;;;
Dennis Plumm;;;House Plumm
Denys Drumm;;;House Drumm
Denys Redwyne;;;House Redwyne
Denyse Hightower;;;House Hightower
Dhazzar;;;
Dick Follard;;;Night's Watch
Dickon Manwoody;;;House Manwoody
Dobber;;;
Donnel Drumm;;;House Drumm
Donel Greyjoy;Quellon Greyjoy;Lady of House Stonetree;House Greyjoy
Donella Hornwood;;;House Manderly
Donnel Hill;;;Night's Watch
Donnis;;;House Stark
Donyse;;;
Dorcas;;;House Lannister
Dornish Dilly;;;Night's Watch
Dorren Stark;;;House Stark
Draqaz;;;
Drennan;;;House Greyjoy
Dudley;;;
Dryn;;;
Dunaver;;;House Lannister
Durran;;;
Dyah;;;
Dykk Harlaw;;;House Harlaw
Easy;;;Night's Watch
Duncan Targaryen;Aegon V Targaryen;Betha Blackwood;House Targaryen
Edgerran Oakheart;;;House Oakheart
Eden Risley;;;House Risley
Edmund Ambrose;;;House Ambrose
Edwyn Osgrey;;;House Osgrey
Eggon;;;House Clegane
Eglantine;;;Faith of the Seven
Egon Emeros;;;Pureborn
Eldiss;;;
Eldred Codd;;;House Codd
Elaena Targaryen;;;House Targaryen
Elys Westerling;;;House Westerling
Elyas Willum;;;House Willum
Elza;;;House of Galare
Emma;;;
Elys Waynwood;;;House Waynwood
Emrick;;;Night's Watch
Endehar;;;
Emphyria Vance;;;House Vance of Wayfarer's Rest
Enger;;;House Tully
Erik Ironmaker;;;House Ironmaker
Erreck;;;
Erreg;;;
Errok;;;
Erryk guard;;;House Tyrell
Esgred;;;
Eustace Braavos;;;Faith of the Seven
Eustace Dance of the Dragons;;;Faith of the Seven
Ezzara;;;
Euron Greyjoy;Quellon Greyjoy;Lady of House Sunderly;
Ezzelyno;;;R'hllor
Fern;;;
Ferny;;;
Ferret;;;
Fogo;;;
Fornio;;;Night's Watch
Fralegg;;;
Frenya;;;
Frynne;;;
Gage;;;House Stark
Galladon of Morne;;;
Gallard;;;
Galt;;;Stone Crows
Galtry the Green;;;
Galyeon of Cuy;;;
Gareth the Grey;;;
Garigus;;;Alchemists' Guild
Garizon;;;
Gariss;;;House Stark
Garrett Paege;;;House Paege
Garth XII Gardener;;;
Garth of Oldtown;;;Night's Watch
Gascoyne;;;House Martell
Gavin;;;
Gelmarr;;;House Greyjoy
Gerren;;;
Gerold Lannister;Damon Lannister;Cerissa Brax;House Lannister
Ghael;;;
Gillam;;;
Gladden Wylde;;;House Wylde
Glendon Flowers;;;
Goady;;;Night's Watch
Godwyn;;;House Lannister
Gormond Drumm;;;House Drumm
Gowen Baratheon;;;House Baratheon
Grance Morrigen;;;House Morrigen
Grazdan;;;
Grazdan zo Galare;;;House of Galare
Green Gergen;;;
Great Walrus;;;
Gretchel;;;House Arryn
Grey King;;;
Griffin King;;;
Grigg;;;
Grisel;;;House Baelish
Grisella;;;
Gulian;;;
Gulian Qorgyle;;;House Qorgyle
Gurn;;;Stone Crows
Guyne;;;
Gwayne Corbray;;;House Corbray
Gwayne Gaunt;;;House Gaunt
Gwin Goodbrother;;;House Goodbrother
Gyles;;;Kingsguard
Gyleno Dothare;;;
Gyles Farwynd;;;House Farwynd of the Lonely Light
Gwynesse Harlaw;;;House Harlaw
Gyles Grafton;;;House Grafton
Gyloro Dothare;;;
Gyles III Gardener;;;
Gynir;;;House Greyjoy
Haggon;;;
Gysella Goodbrother;;;House Goodbrother
Hali;;;
Haldon;;;House Targaryen
Harbert Paege;;;House Paege
Hamish the Harper;;;
Halys Hornwood;;;House Hornwood
Harghaz;;;
Hareth Moles Town;;;Night's Watch
Harlan Grandison;;;House Grandison
Harle the Handsome;;;
Harle the Huntsman;;;
Harlon Botley;;;House Botley
Harmund Sharp;;;House Sharp
Harlon Greyjoy;Quellon Greyjoy;Lady of House Stonetree;House Greyjoy
Harodon;;;
Harra;;;House Whent
Harrag Sharp;;;House Sharp
Harrag Hoare;;;
Harren HalfHoare;;;
Harren Botley;;;House Botley
Harrold Osgrey;;;House Osgrey
Harry Sawyer;;;House Sawyer
Harsley;;;
Harwyn Hoare;Qhorwyn Hoare;;
Hayhead;;;House Stark
Hazrak zo Loraq;;;House of Loraq
Harwyn Plumm;;;House Plumm
Helicent Uffering;;;House Uffering
Helliweg;;;
Helly;;;
Helya;;;House Greyjoy
Henk;;;
Henly House Ashford;;;House Ashford
Herbert Bolling;;;House Bolling
Hendry Bracken;;;House Bracken
Heward;;;House Stark
Hibald;;;
Hilmar Drumm;;;House Drumm
Hod;;;
Hoke;;;House Lannister
Holger;;;Stone Crows
HopRobin;;;Night's Watch
Hugh Beesbury;;;House Beesbury
Humfrey Clifton;;;House Clifton
Hunnimore;;;
Husband;;;
Illifer;;;
Ironbelly;;;
Jaehaerys Targaryen son of Aegon II;;;House Targaryen
Jaehaera Targaryen;;;House Targaryen
Jaggot;;;Stone Crows
Jaehaerys II Targaryen;Aegon V Targaryen;Betha Blackwood;House Targaryen
Jaime Frey;;;House Frey
Jaehaerys I Targaryen;Aenys I Targaryen;Alyssa Velaryon;House Targaryen
Jate;;;
Jate Blackberry;;;House Blackberry
Jasper Waynwood;;;House Waynwood
Jayde;;;Chataya's brothel
Jeffory Norcross;;;House Norcross
Jeffory Mallister;;;House Mallister
Jayne Bracken;;;House Bracken
Squinty Jeyne;;;House Osgrey
Jeyne Fossoway;;;House Fossoway of New Barrel
Jeyne Heddle;;;Brotherhood Without Banners
Jeyne Swann;;;House Swann
Jeyne Westerling wife of Maegor I;;;House Westerling
Jeyne Waters;;;
Jeyne Westerling;;;House Westerling
Jocelyn Swyft;;;House Swyft
Jodge;;;House Lannister
Joanna Swyft;;;House Swyft
Joanna Lannister;Jason Lannister;Marla Prester;House Lannister
Johanna Swann;;;House Swann
Jommo;;;
Jommy;;;House Baratheon
Jon Cupps;;;House Cupps
Jon Heddle;;;House Heddle
Jon Hollard;;;House Hollard
Jon Penny;;;House Penny
Jon Penrose;;;House Penrose
Jon Pox;;;
Jon Vance;;;
Jon Umber Smalljon;;;House Umber
Jon Umber Greatjon;;;House Umber
Jon Waters;;;
Jorquen;;;Night's Watch
Jorgen;;;House Webber
Joseran;;;
Joseth;;;House Stark
Joseth Mallister;;;House Mallister
Joss;;;
Joss the Gloom;;;
Joth Quickbow;;;
Josua Willum;;;House Willum
Jurne;;;
Jothos Slynt;;;House Slynt
Jyck;;;House Lannister
Jyzene;;;
Kegs;;;Night's Watch
Kella;;;House Baelish
Kemmett Pyke;;;
Kenned;;;
Ketter;;;Night's Watch
Kirby Pimm;;;
Kojja Mo;;;
Kirth Vance;;;House Vance of Atranta
Koss;;;
Kromm;;;House Greyjoy
Kurz;;;
Kyle;;;
Kyle brotherhood;;;Brotherhood without banners
Kyle Royce;;;House Royce
Kyleg;;;
Kym;;;
Lamprey;;;House Baratheon of Dragonstone
Lancel V Lannister;;;
Lanna;;;
Lanna Happy Port;;;Happy Port
Larraq;;;
Layna;;;
Lem;;;Brotherhood without banners
Leana Frey;;;House Frey
Lennocks;;;
Lem Standfast;;;House Osgrey
Lenn;;;
Lenyl;;;
Lenwood Tawney;;;House Tawney
Leo Tyrell Longthorn;;;House Tyrell
Leona Tyrell;;;House Tyrell
Leo Tyrell son of Victor;;;House Tyrell
Lester;;;House Lannister
Lew guard;;;House Stark
Lewis Lanster;;;Windblown
Lewys Piper;;;House Piper
Leyla Hightower;;;House Hightower
Lia Serry;;;House Serry
Liane Vance;;;House Vance of Wayfarer's Rest
Lister;;;
Long Lew;;;House Tully
Lorcas;;;
Lorent Lorch;;;House Lorch
Lorimer;;;House Lefford
Lorren;;;
Lothar;;;
Lorent Tyrell;;;House Tyrell
Lotho Lornel;;;
Lucan;;;House Whent
Lucamore Strong;;;House Strong
Lucantine Woodwright;;;
Lucas Nayland;;;House Nayland
Lucas Roote;;;House Roote
Lucifer Hardy;;;House Hardy
Luco Prestayn;;;
Lucimore Botley;;;House Botley
Lucos;;;
Luke of Longtown;;;Night's Watch
Lucas Tyrell;;;House Tyrell
Lum;;;House Lannister
Luton;;;House Bolton
Luthor Tyrell son of Moryn;Moryn Tyrell;;House Tyrell
Luthor Tyrell son of Theodore;Theodore Tyrell;Lia Serry;House Tyrell
Lymond Mallister;;;House Mallister
Lync;;;Night's Watch
Lyonel knight;;;House Lannister
Lyonel Bentley;;;Queensguard
Lyonel Tyrell lord;;;House Tyrell
Lysa Meadows;;;House Meadows
Lyonel Tyrell son of Leo;;;House Tyrell
Maddy;;;House Arryn
Maerie Goodwife;;;
Maerie Whore;;;
Maggy;;;
Malcolm;;;
Malleon;;;
Malliard;;;Alchemists' Guild
Mallor Knight;;;
Mallor;;;House Lannister
Manfred Dondarrion;;;House Dondarrion
Manfred Lothston;;;House Lothston
Manfred Swann;;;House Swann
Manfryd Lothston;;;House Lothston
Manfryd Yew;;;House Yew
Marei;;;Chataya's brothel
Marghaz zo Loraq;;;House of Loraq
Maris;;;
Marq Grafton;;;House Grafton
Martyn Mullendore;;;House Mullendore
Maslyn;;;Night's Watch
Mathos Mallarawan;;;
Matrice;;;House Baratheon of Dragonstone
Matt;;;
Maynard;;;
Maynard Plumm;;;House Plumm
Mazdhan zo Loraq;;;House of Loraq
Mebble;;;
Meha;;;
Mela;;;House Arryn
Meizo Mahr;;;
Melaquin;;;
Medwick Tyrell;Luthor Tyrell son of Moryn;Elyn Norridge;
Meliana;;;
Melicent;;;
Mellei;;;House Martell
Melly;;;Brotherhood Without Banners
Mellos;;;
Meralyn;;;Happy Port
Merling Queen;;;
Mero;;;Second Sons
Merrell Florent;;;House Florent
Michael Mertyns;;;House Mertyns
Miklaz;;;
Mollander;;;
Mollos;;;
Moonshadow;;;
Moreo Tumitis;;;
Morgarth;;;House Baelish
Moro;;;
Morra;;;House Martell
Morrec;;;House Lannister
Mors Manwoody;;;House Manwoody
Mortimer Boggs;;;House Boggs
Mors Martell brother of Doran;;Princess of Dorne;House Martell
Mother Mole;;;
Mudge brotherhood;;;Brotherhood without banners
Mudge miller;;;
Mudge swineherd;;;House Osgrey
Munciter;;;Alchemists' Guild
Mully;;;Night's Watch
Murch;;;
Murch Winterfell;;;House Stark
Myles squire;;;House Tully
Myrtle;;;
Nage;;;House Bolton
Nail;;;Second Sons
Narbert;;;
Narbo;;;
Nan;;;House Stark
Ned ferryman;;;
Nella;;;
Ned Woods;;;House Woods
Nissa Nissa;;;
Nightingale;;;
Nolla;;;
Norjen;;;Drowned men
Norren;;;
Nymos;;;
Normund Tyrell;;;
Ocley;;;
Ogo;;;
Old Crackbones;;;
Old Grey Gull;;;Drowned men
Old Tattersalt;;;Night's Watch
Old Henly;;;Night's Watch
Olyvar Oakheart;;;House Oakheart
Olene Tyrell;Luthor Tyrell son of Moryn;Elyn Norridge;House Tyrell
Orbelo;;;
Orivel;;;Kingsguard
Orell;;;
Ormond knight;;;
Ormond Osgrey;;;House Osgrey
Ormond Westerling;;;House Westerling
Oro Tendyris;;;
Ormund Wylde;;;House Wylde
Osmynd;;;Faith of the Seven
Ossy;;;House Royce of the Gates of the Moon
Oswyn;;;Kingswood Brotherhood
Othor;;;Night's Watch
Otter Gimpknee;;;
Ottomore;;;
Owen brother of Meribald;;;
Owen;;;Night's Watch
Owen Inchfield;;;House Inchfield
Palla;;;House Stark
Pate Old;;;
Pate Mory;;;
Pate Lancewood;;;
Pate Pinchbottom;;;
Pate Nights Watch;;;Night's Watch
Pate Shermers Grove;;;
Pate Standfast;;;House Osgrey
Penny Jenny;;;
Penny;;;Second Sons
Perros Blackmont;;;House Blackmont
Perwyn Osgrey;;;House Osgrey
Peter Plumm;;;House Plumm
Plummer;;;House Ashford
Poetess;;;
Pollitor;;;Alchemists' Guild
Porridge;;;House Baratheon of Dragonstone
Porther;;;House Stark
Portifer Woodwright;;;
Poul Pemford;;;House Pemford
Poxy Tym;;;House Stark
Praed;;;
Puckens;;;House Lannister
Pudding;;;
Puddingfoot;;;Brotherhood without banners
Qalen;;;House Greyjoy
Qarl the Thrall;;;
Qarl Kenning;;;House Kenning of Harlaw
Qarl Correy;;;House Velaryon
Qarl Shepherd;;;House Shepherd
Qarl Quickaxe;;;
Qos;;;
Quellon Humble;;;House Humble
Quaro;;;
Aelinor Penrose;;;House Penrose
Aemon Estermont;;;House Estermont
Aemon Rivers;;;House Frey
Aglantine;;;Faith of the Seven
Aladale Wynch;;;House Wynch
Albett;;;Night's Watch
Albar Royce;;;House Royce of the Gates of the Moon
Alesander Staedmon;;;House Staedmon
Alekyne Florent;;;House Florent
Alesander Frey;;;House Frey
Alester Norcross;;;House Norcross
Allard Seaworth;;;House Seaworth
Allar Deem;;;City Watch of King's Landing
Alla Tyrell;;;House Tyrell
Alyn Cockshaw;;;House Cockshaw
Alyce Graceford;;;House Graceford
Alyn Connington;;;House Connington
Alyn Ambrose;;;House Ambrose
Alyn Estermont;;;House Estermont
Alyn Stackspear;;;House Stackspear
Alyn Frey;;;House Frey
Alyn Haigh;;;House Haigh
Alysanne Bulwer;;;House Bulwer
Alysanne Lefford;;;House Lefford
Alys Frey;;;House Frey
Alyssa Blackwood;;;House Blackwood
Alyx Frey;;;House Frey
Amarei Crakehall;;;House Crakehall
Ambrose Butterwell;;;House Butterwell
Andar Royce;;;House Royce
Andros Brax;;;House Brax
Antario Jast;;;House Jast
Andrew Estermont;;;House Estermont
Annara Farring;;;House Farring
Ardrian Celtigar;;;House Celtigar
Anya Waynwood;;;House Waynwood
Androw Frey;;;House Frey
Armond Caswell;;;House Caswell
Arthur Ambrose;;;House Ambrose
Arthor Karstark;;;House Karstark
Arwyn Frey;;;House Frey
Artos Stark;Beron Stark;Lorra Royce;House Stark
Arwood Frey;;;House Frey
Lord Ashford;;;House Ashford
Azzak;;;House of Ghazeen
Baelor Hightower;;;House Hightower
Balman Byrch;;;House Byrch
Barth;;;Faith of the Seven
Bayard Norcross;;;House Norcross
Bedwyck;;;Night's Watch
Barthogan Stark;;;House Stark
Bellena Hawick;;;House Hawick
Benedar Belmore;;;House Belmore
Benedict Broom;;;House Broom
Bennard Brune;;;House Brune of Brownhollow
Benfrey Frey;Walder Frey;Bethany Rosby;House Frey
Beren Tallhart;;;House Tallhart
Berena Hornwood;;;House Hornwood
Beth Cassel;;;House Cassel
Beron Stark;Brandon Stark son of Cregan;Alys Karstark;House Stark
Bhakaz zo Loraq;;;House of Loraq
Bethany Redwyne;;;House Redwyne
Bethany Rosby;;;House Rosby
Black Bernarr;;;Night's Watch
Betharios of Braavos;;;House Frey
Boremund Harlaw;;;House Harlaw of Harridan Hill
Bradamar Frey;;;House Frey
Branston Cuy;;;House Cuy
Brandon Tallhart;;;House Tallhart
Bryan Fossoway;;;House Fossoway of Cider Hall
Bryan Frey;Walton Frey;Deana Hardyng;House Frey
Bryen Farring;;;House Farring
Bryen Caron;;;House Caron
Burton Crakehall;;;House Crakehall
Craghas Drahar;;;Kingdom of the Three Daughters
Carolei Waynwood;;;House Waynwood
Lord Caswell;;;House Caswell
Cayn;;;House Stark
Cerenna Lannister;Stafford Lannister;Myranda Lefford;House Lannister
Cersei Frey;;;House Frey
Chayle;;;
Clarent Crakehall;;;House Crakehall
Clement Crabb;;;House Crabb
Clement Piper;;;House Piper
Cley Cerwyn;;;House Cerwyn
Clubfoot Karl;;;Night's Watch
Conwy;;;Night's Watch
Colin Florent;;;House Florent
Colmar Frey;;;House Frey
Corliss Penny;;;House Penny
Creighton Redfort;;;House Redfort
Cuger;;;Night's Watch
Cregan Stark;Rickon Stark son of Benjen;Gilliane Glover;House Stark
Cyrenna Swann;;;House Swann
Cynthea Frey;;;House Frey
Daegon Shepherd;;;House Shepherd
Daeron Vaith;;;House Vaith
Dafyn Vance;;;House Vance
Dagon Greyjoy;;;House Greyjoy
Dalbridge;;;Night's Watch
Damon Paege;;;House Paege
Damon Shett;;;House Shett of Gull Tower
Damon Vypren;;;House Vypren
Dancy;;;Chataya's brothel
Dareon;;;Night's Watch
Darlessa Marbrand;;;House Marbrand
Daryn Hornwood;;;House Hornwood
Danwell Frey;;;House Frey
Deana Hardyng;;;House Hardyng
Delena Florent;;;House Florent
Della Frey;;;House Frey
Delp;;;House Tully
Delonne Allyrion;;;House Allyrion
Denys Darklyn;;;House Darklyn
Denys Arryn;;;House Arryn
Dermot;;;House Baratheon of Dragonstone
Desmond;;;House Stark
Desmond Redwyne;;;House Redwyne
Deziel Dalt;;;House Dalt
Dickon Tarly;;;House Tarly
Dickon Frey;;;House Frey
Dirk;;;Night's Watch
Dolf;;;Stone Crows
Donnel Haigh;;;House Haigh
Donnel of Duskendale;;;Kingsguard
Donnel Locke;;;House Locke
Donnel Waynwood;;;House Waynwood
Donnor Stark;;;House Stark
Dormund;;;
Duram Bar Emmon;;;House Bar Emmon
Ebben;;;Night's Watch
Edderion Stark;;;House Stark
Edmyn Tully;;;House Tully
Eddara Tallhart;;;House Tallhart
Edrick Stark;;;House Stark
Edwyd Fossoway;;;House Fossoway of Cider Hall
Edwyn Stark;;;House Stark
Edwyle Stark;Willam Stark;Melantha Blackwood;House Stark
Elder Brother;;;Faith of the Seven
Elbert Arryn;;;House Arryn
Eleanor Mooton;;;House Mooton
Ellery Vance;;;House Vance of Atranta
Elron;;;Night's Watch
Elinor Tyrell;Theodore Tyrell;Lia Serry;House Tyrell
Elmar Frey;;;House Frey
Elwood;;;House Tully
Elwood Meadows;;;House Meadows
Elyana Vypren;;;House Vypren
Elyn Norridge;;;House Norridge
Emberlei Frey;;;House Frey
Endrew Tarth;;;House Tarth
Eroeh;;;
Eon Hunter;;;House Hunter
Ermesande Hayford;;;House Hayford
Erena Glover;;;House Glover
Erren Florent;;;House Florent
Eustace Brune;;;House Brune of the Dyre Den
Eustace Hunter;;;House Hunter
Eyron Stark;;;House Stark
Ferrego Antaryon;;;
Forley Prester;;;House Prester
Franklyn Fowler;;;House Fowler
Flement Brax;;;House Brax
Frenken;;;
Franklyn Frey;;;House Frey
Gareth Clifton;;;House Clifton
Garrison Prester;;;House Prester
Garth of Greenaway;;;Night's Watch
Garrett Flowers;;;House Tyrell
Garse Goodbrook;;;House Goodbrook
Garse Flowers;;;House Tyrell
Garth Greenfield;;;House Greenfield
Garth Greyfeather;;;Night's Watch
Gawen Swann;;;House Swann
Gawen Glover;;;House Glover
Gawen Wylde;;;House Wylde
Garth Tyrell;;;House Tyrell
Gendel;;;
Gawen Westerling;;;House Westerling
Gerald Gower;;;House Gower
Gerold Grafton;;;House Grafton
Gerardys;;;Blacks
Gilbert Farring;;;House Farring
Glendon Hewett;;;House Hewett
Gilwood Hunter;;;House Hunter
Godric Borrell;;;House Borrell
Goodwin;;;House Tarth
Gormon Peake;;;House Peake
Gorne;;;
Gormon Tyrell;;;Citadel
Grazdan mo Eraz;;;Wise Masters
Grazdan mo Ullhor;;;Good Masters
Grazdar zo Galare;;;House of Galare
Grubbs;;;Night's Watch
Gueren;;;Night's Watch
Guncer Sunglass;;;House Sunglass
Gulian Swann;;;House Swann
Guthor Grimm;;;House Grimm
Gunthor Hightower;;;House Hightower
Gyldayn;;;The Citadel
Gwayne Hightower;;;House Hightower
Hairy Hal;;;Night's Watch
Hake;;;Night's Watch
Halder;;;Night's Watch
Hallis Mollen;;;House Mollen
Halmon Paege;;;House Paege
Harbert;;;House Baratheon
Harlan Hunter;;;House Hunter
Harlen Tyrell;;;House Tyrell
Harmond Umber;;;House Umber
Harmune;;;Night's Watch
Harrold Westerling;;;House Westerling
Harwood Fell;;;House Fell
Harwin Strong;;;House Strong
Harwood Stout;;;House Stout
Harys Haigh;;;House Haigh
Helman Tallhart;;;House Tallhart
Lord Commander Hoare;;;House Hoare
Hobber Redwyne;Paxter Redwyne;Mina Tyrell;House Redwyne
Hoarfrost Umber;;;House Umber
Hosman Norcross;;;House Norcross
Hoster Frey;;;House Frey
Horas Redwyne;Paxter Redwyne;Mina Tyrell;House Redwyne
Hubard Rambton;;;House Rambton
Horton Redfort;;;House Redfort
Hotho Harlaw;;;House Harlaw of the Tower of Glimmering
Hugo Wull;;;House Wull
Hugor of the Hill;;;
Hugo Vance;;;House Vance of Atranta
Hullen;;;House Stark
Humfrey Beesbury;;;House Beesbury
Humfrey Hardyng;;;House Hardyng
Humfrey Swyft;;;House Swyft
Humfrey Wagstaff;;;House Wagstaff
Igon Vyrwel;;;House Vyrwel
Jacks;;;House Stark
Janei Lannister;;;House Lannister
Jammos Frey;;;House Frey
Janna Tyrell;;;House Tyrell
Jaremy Rykker;;;Night's Watch
Jarl;;;
Jason Lannister;Gerold Lannister;Rohanne Webber;House Lannister
Jasper Arryn;;;House Arryn
Jasper Redfort;;;House Redfort
Jeren;;;Night's Watch
Jeyne Arryn;;;House Arryn
Jeyne Beesbury;;;House Beesbury
Jeyne Darry;;;House Darry
Jeyne Goodbrook;;;House Goodbrook
Jeyne Rivers;;;House Frey
Jeyne Lydden;;;House Lydden
Joffrey Lonmouth;;;House Lonmouth
Joffrey Caswell;;;House Caswell
Jon Bettley;;;House Bettley
Jon Brax;;;House Brax
Jon Lynderly;;;House Lynderly
Jon Myre;;;House Myre
Jon Redfort;;;House Redfort
Jon Wylde;;;House Wylde
Jonos Stark;;;House Stark
Jonos Frey;;;House Frey
Jonnel Stark;Cregan Stark;Lynara Stark;House Stark
Joramun;;;
Jorah Stark;;;House Stark
Jonothor Darry;;;House Darry
Jorelle Mormont;;;House Mormont
Jyana;;;House Reed
Joy Hill;;;House Lannister
Jyanna Frey;;;House Frey
Kaeth;;;
Jynessa Blackmont;;;House Blackmont
Karlon Stark;;;House Stark
Kedge Whiteye;;;Night's Watch
Kennos of Kayce;;;House Kenning of Kayce
Kezmya;;;House of Pahl
Kyra;;;House Stark
Kyra Frey;;;House Frey
Lambert Turnberry;;;House Turnberry
Lark;;;Night's Watch
Larence Snow;;;House Hornwood
Larra Blackmont;;;House Blackmont
Lanna Lannister;Damion Lannister;Shiera Crakehall;House Lannister
Leathers;;;Night's Watch
Left Hand Lew;;;Night's Watch
Leo Lefford;;;House Lefford
Leo Blackbar;;;House Blackbar
Leona Woolfield;;;House Woolfield
Leonette Fossoway;;;House Fossoway
Leonella Lefford;;;House Lefford
Lester Morrigen;;;House Morrigen
Lewys the Fishwife;;;House Baratheon of Dragonstone
Lewys Lydden;;;House Lydden
Leslyn Haigh;;;House Haigh
Lomas Estermont;;;House Estermont
Lorent Marbrand;;;House Marbrand
Loreza Sand;Oberyn Martell;Ellaria Sand;House Martell
Lothar Mallery;;;House Mallery
Lucas Corbray;;;House Corbray
Lucas Codd;;;House Codd
Luceon Frey;;;Faith of the Seven
Lucias Vypren;;;House Vypren
Lucos Chyttering;;;House Chyttering
Lucion Lannister;Damion Lannister;Shiera Crakehall;House Lannister
Luthor Tyrell;Unknown father Tyrell;Unknown mother Tyrell;House Tyrell
Lyanna Mormont;;;House Mormont
Lyessa Flint;;;House Flint of Widow's Watch
Lyman Beesbury;;;House Beesbury
Lymond Goodbrook;;;House Goodbrook
Lyman Darry;;;House Darry
Lymond Lychester;;;House Lychester
Lymond Vikary;;;House Vikary
Lyonel Selmy;;;House Selmy
Aggo;;;House Targaryen
Alys Karstark;;;House Karstark
Cleos Frey;Emmon Frey;Genna Lannister;House Frey
Dontos Hollard;;;House Hollard
Craster;;;
Dale Seaworth;;;House Seaworth
Denys Mallister;;;House Mallister
Edric Storm;;;House Baratheon
Hosteen Frey;;;House Frey
Lyonel Corbray;;;House Corbray
Lyonel Frey;Emmon Frey;Genna Lannister;House Frey of Riverrun
Lyonel Strong;;;House Strong
Lythene Frey;;;House Frey
Lyra Mormont;;;House Mormont
Maegelle Frey;Stevron Frey;Jeyne Lydden;House Frey
Mallador Locke;;;Night's Watch
Malwyn Frey;;;House Frey
Manfrey Martell;;;House Martell
Margot Lannister;;;House Lannister
Maric Seaworth;;;House Seaworth
Marianne Vance;Dafyn Vance;Maegelle Frey;House Vance
Mariya Darry;;;House Darry
Marissa Frey;Merrett Frey;Mariya Darry;House Frey
Maron Martell;;;House Martell
Maron Volmark;;;House Volmark
Marq Rankenfell;;;Night's Watch
Marsella Waynwood;;;House Waynwood
Matarys Targaryen;;;House Targaryen
Martyn Rivers;;;House Frey
Martyn Lannister;;;House Lannister
Marwyn Belmore;;;House Belmore
Mathis Frey;;;House Frey
Matthar;;;Night's Watch
Mawney;;;Night's Watch
Medgar Tully;;;House Tully
Medger Cerwyn;;;House Cerwyn
Megga Tyrell;;;House Tyrell
Meldred Merlyn;;;House Merlyn
Melesa Crakehall;;;House Crakehall
Melara Crane;;;House Crane
Melessa Florent;;;House Florent
Mellara Rivers;;;House Frey
Melwyn Sarsfield;;;House Sarsfield
Melwys Rivers;;;
Meredyth Crane;;;House Crane
Merianne Frey;;;House Frey
Merlon Crakehall;;;House Crakehall
Mezzara;;;House of Merreq
Mina Tyrell;Luthor Tyrell;Olenna Redwyne;House Tyrell
Moelle;;;Faith of the Seven
Monterys Velaryon;;;House Velaryon
Moredo Prestayn;;;
Monford Velaryon;;;House Velaryon
Moribald Chester;;;House Chester
Morton Waynwood;;;House Waynwood
Morya Frey;;;House Frey
Mullin;;;Night's Watch
Moryn Tyrell;Unknown father Tyrell;Unknown mother Tyrell;House Tyrell
Munda;;;
Muttering Bill;;;Night's Watch
Mushroom;;;House Targaryen
Murmison;;;Faith of the Seven
Mylenda Caron;;;House Caron
Myles Smallwood;;;House Smallwood
Myles Mooton;;;House Mooton
Myria Jordayne;;;House Jordayne
Myles Manwoody;;;House Manwoody
Mysaria;;;
Myrielle Lannister;Stafford Lannister;Myranda Lefford;House Lannister
Noho Dimittis;;;Iron Bank of Braavos
Norne Goodbrother;;;House Goodbrother of Shatterstone
Norbert Vance;;;House Vance of Atranta
Nymella Toland;;;House Toland
Nysterica;;;
Ollidor;;;Faith of the Seven
Ollo Lophand;;;Night's Watch
Olyvar Frey;Walder Frey;Bethany Rosby;House Frey
Omer Blackberry;;;House Blackberry
Olymer Tyrell;;;House Tyrell
Ondrew Locke;;;House Locke
Orbert Caswell;;;House Caswell
Ordello;;;
Omer Florent;;;
Orland of Oldtown;;;House Baratheon of King's Landing
Ormond Yronwood;;;House Yronwood
Orphan Oss;;;Night's Watch
Osbert Serry;;;House Serry
Osmund Frey;;;House Frey
Oswell Kettleblack;;;House Kettleblack
Ossifer Plumm;;;House Plumm
Otho Bracken;;;House Bracken
Ottyn Wythers;;;House Wythers
Owen Norrey;;;House Norrey
Pate of the Blue Fork;;;House Frey
Patrek Mallister;;;House Mallister
Patrek Vance;Dafyn Vance;Maegelle Frey;House Vance
Perriane Frey;;;House Haigh
Perra Frey;Petyr Frey;Mylenda Caron;House Frey
Perwyn Frey;Walder Frey;Bethany Rosby;House Frey
Philip Foote;;;House Foote
Philip Plumm;;;House Plumm
Pono;;;
Qarro Volentin;;;
Qarlton Chelsted;;;House Chelsted
Lord Commander Qorgyle;;;House Qorgyle
Quent;;;House Stark
Quenten Banefort;;;House Banefort
Quenton Hightower;;;House Hightower
Quentyn Ball;;;House Ball
Quentyn Qorgyle;;;House Qorgyle
Quincy Cox;;;House Cox
Ragwyle;;;
Ralf Kenning;;;House Kenning of Harlaw
Raymun Redbeard;;;
Raynard;;;Faith of the Seven
Raynald Westerling;;;House Westerling
Red Alyn of the Rosewood;;;Night's Watch
Raynard Ruttiger;;;House Ruttiger
Raymund Frey;;;House Frey
Regenard Estren;;;House Estren
Renly Norcross;;;House Norcross
Renfred Rykker;;;House Rykker
Rhea Royce;;;House Royce
Rennifer Longwaters;;;House Longwaters
Rhea Florent;;;House Florent
Rhogoro;;;
Rickard Ryswell;;;House Ryswell
Rickard Thorne;;;House Thorne
Rickard Wylde;;;House Wylde
Robert Frey;;;House Frey
Robert Flowers;;;Kingsguard
Robert Brax;;;House Brax
Robin Hill;;;Night's Watch
Robin Flint;;;House Flint of Widow's Watch
Robin Moreland;;;House Moreland
Robin Ryger;;;House Ryger
Rodrik Flint;;;House Flint
Rodrik Stark;;;House Stark
Rodrik Ryswell;;;House Ryswell
Roger Hogg;;;House Hogg
Rodwell Stark;Brandon Stark son of Cregan;Alys Karstark;House Stark
Rolland Longthorpe;;;House Longthorpe
Rolland Uffering;;;House Uffering
Ronel Rivers;;;House Frey
Ronald Connington;;;House Connington
Ronald Vance;;;House Vance of Atranta
Roro Uhoris;;;
Royce Coldwater;;;House Coldwater
Rufus Leek;;;House Leek
Rugen;;;
Runcel Hightower;;;House Hightower
Rupert Brax;;;House Brax
Rycherd Crane;;;House Crane
Ryam Redwyne;;;House Redwyne
Ryam Florent;;;House Florent
Ryger Rivers;;;House Frey
Ryella Frey;;;House Frey
Ryella Royce;;;House Royce
Rylene Florent;;;House Florent
Ryon Allyrion;;;House Allyrion
Saera Targaryen;;;House Targaryen
Sallei Paege;;;House Paege
Sandor Frey;;;House Frey
Sarya Whent;;;House Whent
Sarra Frey;;;House Frey
Sawane Botley;;;House Botley
Scolera;;;Faith of the Seven
Sebaston Farman;;;House Farman
Selwyn Tarth;;;House Tarth
Selmond Stackspear;;;House Stackspear
Serala;;;House Darklyn
Serwyn of the Mirror Shield;;;Kingsguard
Serra Frey;;;House Frey
Shella Whent;;;House Whent
Shierle Swyft;;;House Swyft
Shiera Crakehall;;;House Crakehall
Shirei Frey;;;House Frey
Simon Staunton;;;House Staunton
Sigfryd Harlaw;;;House Harlaw of Harlaw Hall
Lord Staunton;;;House Staunton
Stannis Seaworth;;;House Seaworth
Steffon Seaworth;;;House Seaworth
Steffon Frey;Walton Frey;Deana Hardyng;House Frey
Steffon Swyft;;;House Swyft
Steffon Darklyn;;;House Darklyn
Steffon Stackspear;;;House Stackspear
Sumner Crakehall;;;House Crakehall
Sylas Flatnose;;;
Sybell Spicer;;;House Spicer
Symon Santagar;;;House Santagar
Sybelle Glover;;;House Locke
Sylwa Paege;;;House Paege
Symon Hollard;;;House Hollard
Symond Templeton;;;House Templeton
Symond Frey;;;House Frey
Tallad;;;House Baratheon of King's Landing
Tanton Fossoway;;;House Fossoway of Cider Hall
Ternesio Terys;;;
Terrence Kenning;;;House Kenning of Kayce
Theodan Wells;;;House Wells
Terrence Toyne;;;House Toyne
Theodore Tyrell;Luthor Tyrell son of Moryn;Elyn Norridge;House Tyrell
Theomar Smallwood;;;House Smallwood
Theomore Harlaw;;;House Harlaw
Tim Tangletongue;;;Night's Watch
ThreeTooth;;;House Harlaw
Titus Peake;;;House Peake
Tion Frey;Emmon Frey;Genna Lannister;
Todder;;;Night's Watch
Tomard;;;House Stark
Tommen Costayne;;;House Costayne
Torbert;;;Faith of the Seven
Torren Liddle;;;House Liddle
Torwynd;;;
Trebor Jordayne;;;House Jordayne
Tremond Gargalen;;;House Gargalen
Tristan Mudd;;;House Mudd
Triston of Tally Hill;;;House Sunglass
Triston Farwynd;;;House Farwynd
Triston Sunderland;;;House Sunderland
Tybolt Hetherspoon;;;House Hetherspoon
Tybolt Crakehall;;;House Crakehall
Tybolt Lannister;Damon Lannister;Cerissa Brax;House Lannister
Tyana Wylde;;;House Wylde
Tyta Frey;;;House Frey
Tyrek Lannister;Tygett Lannister;Darlessa Marbrand;House Lannister
Tysane Frey;;;House Frey
Tytos Brax;;;House Brax
Tytos Frey;;;House Frey
Tywin Frey;Cleos Frey;Jeyne Darry;House Frey
Ulrick Dayne;;;House Dayne
Ulwyck Uller;;;House Uller
Unella;;;Faith of the Seven
Utherydes Wayn;;;House Wayn
Uthor Tollett;;;House Tollett
Vaemond Velaryon;;;House Velaryon
Valaena Velaryon;;;House Velaryon
Vayon Poole;;;House Poole
Vickon Greyjoy;;;House Greyjoy
Viserys Plumm;;;House Plumm
Vylarr;;;House Lannister
Vortimer Crane;;;House Crane
Walda Rivers;;;House Frey
Walder Haigh;;;House Haigh
Walder Brax;;;House Brax
Walder Goodbrook;;;House Goodbrook
Waldon Wynch;;;House Wynch
Wallace Waynwood;;;House Waynwood
Walgrave;;;Maesters
Walder Vance;Dafyn Vance;Maegelle Frey;House Vance
Walton Stark;;;House Stark
Walton Frey;Stevron Frey;Marsella Weynwood;House Frey
Warryn Beesbury;;;House Beesbury
Waltyr Frey;;;House Frey
Wendel Frey;;;House Frey
Whalen Frey;;;House Frey
Willamen Frey;Walder Frey;Bethany Rosby;
Willam Wells;;;House Wells
Willem Darry;;;House Darry
Willam Wythers;;;House Wythers
Willem Lannister;Kevan Lannister;Dorna Swyft;House Lannister
Willem Frey;Cleos Frey;Jeyne Darry;House Frey
Willam Stark;Beron Stark;Lorra Royce;House Stark
William Mooton;;;House Mooton
Wynton Stout;;;House Stout
Wynafrei Whent;;;House Whent
Ysilla Royce;;;House Royce
Zachery Frey;;;House Frey
Zhoe Blanetree;;;House Blanetree
Zia Frey;;;House Frey
Addam Marbrand;;;House Marbrand
Aegor Rivers;;;House Bracken
Aenys Frey;Walder Frey;Perra Royce;House Frey
Aerion Targaryen;;;House Targaryen
Aemond Targaryen;;;House Targaryen
Amerei Frey;Merrett Frey;Mariya Darry;House Frey
Androw Ashford;;;House Ashford
Anders Yronwood;;;House Yronwood
Arnolf Karstark;;;House Karstark
Arya Stark;Eddard Stark;Catelyn Stark;House Stark
Axell Florent;;;House Florent
Aurane Waters;;;House Velaryon
Ben Plumm;;;Second Sons
Benfred Tallhart;;;House Tallhart
Boros Blount;;;House Blount
Black Balaq;;;Golden Company
Bloodbeard;;;Company of the Cat
Bran Stark;Eddard Stark;Catelyn Stark;House Stark
Bronn;;;House Stokeworth
Bryce Caron;;;House Caron
Butterbumps;;;House Tyrell
Cassana Estermont;;;House Estermont
Chett;;;Night's Watch
Clayton Suggs;;;House Suggs
Cersei Lannister;Tywin Lannister;Joanna Lannister;House Lannister
Chiswyck;;;House Clegane
Cleon;;;
Cohollo;;;Khal
Cortnay Penrose;;;House Penrose
Cotter Pyke;;;Night's Watch
Cragorn;;;House Greyjoy
Crawn;;;Moon Brothers
Creighton Longbough;;;
Cressen;;;
Daario Naharis;;;Stormcrows
Dagmer;;;House Greyjoy
Dagos Manwoody;;;House Manwoody
Danelle Lothston;;;House Lothston
Dalla;;;
Doran Martell;;Princess of Dorne;House Martell
Ebrose;;;
Eddison Tollett;;;House Tollett
Edric Dayne;;;House Dayne
Edwyn Frey;Ryman Frey;;House Frey
Eldon Estermont;;;House Estermont
Ellaria Sand;;;House Uller
Ethan Glover;;;House Glover
Emmon Frey;Walder Frey;Perra Royce;House Frey of Riverrun
Galbart Glover;;;House Glover
Gerold Hightower;;;House Hightower
Ghost of High Heart;;;
Gerris Drinkwater;;;House Drinkwater
Gilly;;;
Greydon Goodbrother;;;House Goodbrother
Harmen Uller;;;House Uller
Gyles Rosby;;;House Rosby
Harren Hoare;Halleck Hoare;;
Harras Harlaw;;;House Harlaw of Grey Garden
Harrold Hardyng;;;House Hardyng
Helaena Targaryen;;;House Targaryen
Hodor;;;House Stark
Harrion Karstark;;;House Karstark
Iggo;;;Brave Companions
Hother Umber;;;House Umber
Jalabhar Xho;;;Summer Islands
Janos Slynt;;;Night's Watch
Jared Frey;;;House Frey
Jasper Wylde;;;House Wylde
Jhaqo;;;
Jeyne Lothston;;;House Lothston
Jhiqui;;;House Targaryen
Jon Bulwer;;;House Bulwer
Jory Cassel;;;House Cassel
Jorah Mormont;;;House Mormont
Karyl Vance;;;House Vance of Wayfarer's Rest
Khrazz;;;House of Loraq
Kurleket;;;House Bracken
Lann the Clever;;;House Lannister
Kyle Condon;;;House Condon
Lancel Lannister;Kevan Lannister;Dorna Swyft;House Lannister of Casterly Rock
Likely Luke;;;Brotherhood Without Banners
Lucas Inchfield;;;House Inchfield
Lollys Stokeworth;;;House Stokeworth
Lyanna Stark;Rickard Stark;Lyarra Stark;House Stark
Lyle Crakehall;;;House Crakehall
Lucas Blackwood;;;House Blackwood
Lyn Corbray;;;House Corbray
Lynesse Hightower;;;House Hightower
Mace Tyrell;Luthor Tyrell;Olenna Redwyne;House Tyrell
Mag Mar Tun Doh Weg;;;
Mandon Moore;;;House Moore
Mago;;;
Maron Botley;;;House Botley
Marillion;;;
Marya Seaworth;;;House Seaworth
Marwyn;;;
Masha Heddle;;;
Matthos Seaworth;;;House Seaworth
Meera Reed;;;House Reed
Melara Hetherspoon;;;House Hetherspoon
Melissa Blackwood;;;House Blackwood
Melisandre;;;R'hllor
Merrit;;;Brotherhood without banners
Meryn Trant;;;House Trant
Merrett Frey;Walder Frey;Amarei Crakehall;House Frey
Mohor;;;House Bracken
Missandei;;;House Targaryen
Moon Boy;;;House Baratheon of King's Landing
Monster;;;
Mord;;;House Arryn
Minisa Whent;;;House Whent
Mordane;;;House Stark
Murenmure;;;
Myles;;;House Martell
Mors Martell;;;House Martell
Mya Stone;;;House Royce of the Gates of the Moon
Myrcella Baratheon;Robert Baratheon;Cersei Lannister;House Baratheon of King's Landing
Nestor Royce;;;House Royce of the Gates of the Moon
Nute;;;House Greyjoy
Nymeria Sand;Oberyn Martell;;House Martell
Nymeria;;;House Martell
Oberyn Martell;;Princess of Dorne;House Martell
Obella Sand;Oberyn Martell;Ellaria Sand;House Martell
Olenna Redwyne;;;House Redwyne
Mychel Redfort;;;House Redfort
Orwyle;;;
Osha;;;House Stark
Osfryd Kettleblack;;;House Kettleblack
Osney Kettleblack;;;House Kettleblack
Orys Baratheon;;;House Baratheon
Osmund Kettleblack;;;House Kettleblack
Othell Yarwyck;;;House Yarwyck
Oswell Whent;;;House Whent
Otto Hightower;;;House Hightower
Patchface;;;House Baratheon of Dragonstone
Paxter Redwyne;;;House Redwyne
Pearse Caron;;;House Caron
Petyr Frey;Ryman Frey;;House Frey
Pia;;;House Whent
Podrick Payne;;;House Payne
Preston Greenfield;;;House Greenfield
Polliver;;;House Clegane
Pyat Pree;;;Undying Ones
Pylos;;;
Pycelle;;;House Lannister
Qhorin Halfhand;;;Night's Watch
Qotho;;;
Quentyn Martell;;;House Martell
Ralf Stonehouse;;;House Stonehouse
Ramsay Snow;Roose Bolton;;House Bolton of the Dreadfort
Randyll Tarly;;;House Tarly
Raymun Fossoway;;;House Fossoway of New Barrel
Raymun Darry;;;House Darry
Ravella Swann;;;House Swann
Small Paul;;;Night's Watch
Tristifer Botley;;;House Botley
Styr;;;Thenn
Rat Cook;;;Night's Watch
Prendahl na Ghezn;;;Stormcrows
Ulmer;;;Kingswood Brotherhood
Oznak zo Pahl;;;House of Pahl
Aegon Blackfyre;;;House Blackfyre
Addam Velaryon;;;House Velaryon
Aegon V Targaryen;Maekar I Targaryen;Dyanna Dayne;House Targaryen
Aemon Blackfyre;;;House Blackfyre
Aeron Greyjoy;Quellon Greyjoy;Lady of House Sunderly;House Greyjoy
Alfyn;;;
Alannys Harlaw;;;House Greyjoy
Alayaya;;;Chataya's brothel
Alyn;;;House Stark
Alliser Thorne;;;House Thorne
Alester Florent;;;House Florent
Alysane Mormont;;;House Mormont
Alerie Hightower;;;House Hightower
Anguy;;;Brotherhood without banners
Andrik;;;House Drumm
Amory Lorch;;;House Lorch
Archibald Yronwood;;;House Yronwood
Arlan of Pennytree;;;
Areo Hotah;;;House Martell
Arwyn Oakheart;;;House Oakheart
Arthur Dayne;;;House Dayne
Arys Oakheart;;;House Oakheart
Ashara Dayne;;;House Dayne
Aron Santagar;;;House Santagar
Asha Greyjoy;Balon Greyjoy;Alannys Harlaw;House Greyjoy
Azor Ahai;;;
Bael the Bard;;;
Baelor Blacktyde;;;House Blacktyde
Balon Greyjoy;Quellon Greyjoy;Lady of House Sunderly;House Greyjoy
Ballabar;;;House Redwyne
Baelor I Targaryen;Aegon III Targaryen;Daenaera Velaryon;House Targaryen
Balon Swann;;;House Swann
Barba Bracken;;;House Bracken
Barristan Selmy;;;House Selmy
Barbrey Dustin;;;House Ryswell
Bellegere Otherys;;;
Beardless Dick;;;Brotherhood Without Banners
Belwas;;;House Targaryen
Benjen Stark;Rickard Stark;Lyarra Stark;House Stark
Bethany Bracken;;;House Bracken
Beric Dondarrion;;;
Biter;;;Brave Companions
Bluetooth;;;House Greyjoy
Brandon Norrey;;;House Norrey
Bowen Marsh;;;Night's Watch
Bonifer Hasty;;;House Hasty
Bran the Builder;;;House Stark
Brynden Rivers;;;House Targaryen
Brynden Tully;;;House Tully
Caleotte;;;House Martell
Cassella Vaith;;;House Vaith
Cellador;;;Night's Watch
Chella;;;Black Ears
Cletus Yronwood;;;House Yronwood
Colemon;;;House Arryn
Corlys Velaryon;;;House Velaryon
Criston Cole;;;House Cole
Daemon I Blackfyre;;;House Blackfyre
Daemon Targaryen;;;House Targaryen
Daenerys Targaryen;Aerys II Targaryen;Rhaella Targaryen;House Targaryen
Danny Flint;;;House Flint
Daven Lannister;Stafford Lannister;Myranda Lefford;House Lannister
Dick Crabb;;;House Crabb
Donal Noye;;;House Baratheon
Domeric Bolton;;;House Bolton
Davos Seaworth;;;House Seaworth
Doreah;;;House Targaryen
Dorea Sand;Oberyn Martell;;House Martell
Dywen;;;Night's Watch
Eddard Karstark;;;House Karstark
Eddard Stark;Rickard Stark;Lyarra Stark;House Stark
Elia Sand;Oberyn Martell;Ellaria Sand;House Martell
Edmure Tully;Hoster Tully;Minisa Whent;House Tully
Elia Martell;;Princess of Dorne;
Emmon Cuy;;;House Cuy
Eleyna Westerling;;;House Westerling
Falena Stokeworth;;;House Stokeworth
Falia Flowers;;;House Hewett
Eustace Osgrey;;;House Osgrey
Farlen;;;House Stark
Falyse Stokeworth;;;House Stokeworth
Galazza Galare;;;Graces
Emmond;;;Drowned men
Garth Hightower;;;House Hightower
Gared;;;Night's Watch
Genna Lannister;Tytos Lannister;Jeyne Marbrand;
Garlan Tyrell;Mace Tyrell;Alerie Hightower;House Tyrell of Brightwater Keep
Gerion Lannister;Tytos Lannister;Jeyne Marbrand;House Lannister
Gevin Harlaw;;;House Harlaw
Gerold Dayne;;;House Dayne of High Hermitage
Godry Farring;;;House Farring
Gorold Goodbrother;;;House Goodbrother
Grenn;;;Night's Watch
Grey Worm;;;Unsullied
Greenbeard;;;Brotherhood without banners
Groleo;;;House Targaryen
Grunt;;;House Bolton
Gregor Clegane;;;House Clegane
Gylbert Farwynd;;;House Farwynd of the Lonely Light
Guyard Morrigen;;;House Morrigen
Hallyne;;;Alchemists' Guild
Haggo;;;
Hazzea;;;
Hizdahr zo Loraq;;;
Harma;;;
Harry Strickland;;;House Strickland
Harys Swyft;;;House Swyft
Harwin;;;House Stark
Hobb;;;Night's Watch
High Sparrow;;;Faith of the Seven
Hot Pie;;;
Howland Reed;;;House Reed
Holly;;;
Hugh;;;House Arryn
Hyle Hunt;;;House Hunt
Hoster Tully;;;House Tully
Humfrey Hewett;;;House Hewett
Ilyn Payne;;;House Payne
Illyrio Mopatis;;;House Targaryen
Irri;;;House Targaryen
Imry Florent;;;House Florent
JackBeLucky;;;Brotherhood without banners
Jacelyn Bywater;;;House Bywater
Jaime Lannister;Tywin Lannister;Joanna Lannister;House Lannister
Jason Mallister;;;House Mallister
Jeyne Poole;;;House Poole
Jon Arryn;Jasper Arryn;;House Arryn
Jon Fossoway;;;House Fossoway of New Barrel
Jonos Bracken;;;House Bracken
Justin Massey;;;House Massey
Kedry;;;
Jon Snow;Eddard Stark;Lyanna Stark;House Stark
Joss Stilwood;;;House Clegane
Kevan Lannister;Tytos Lannister;Jeyne Marbrand;House Lannister
Lady of the Leaves;;;
Lharys;;;House Bracken
Leyton Hightower;;;House Hightower
Larys Strong;;;House Strong
Lomys;;;
Lewyn Martell;;;House Martell
Lothar Frey;;;House Frey
Lothor Brune;;;House Brune of Brownhollow
Lysa Arryn;Hoster Tully;Minisa Whent;House Tully
Maege Mormont;;;House Mormont
Mad Huntsman;;;Brotherhood without banners
Mance Rayder;;;
Mark Mullendore;;;House Mullendore
Mark Ryswell;;;House Ryswell
Marlon Manderly;;;House Manderly
Maron Greyjoy;Balon Greyjoy;Alannys Harlaw;House Greyjoy
Martyn Cassel;;;House Cassel
Marq Piper;;;House Piper
Mathis Rowan;;;House Rowan
Meribald;;;Faith of the Seven
Mirri Maz Duur;;;
Mikken;;;House Stark
Morros Slynt;;;House Slynt
Myranda Royce;;;House Royce of the Gates of the Moon
Nettles;;;Blacks
Notch;;;Brotherhood without Banners
Obara Sand;Oberyn Martell;;House Martell
Ulf the White;;;Blacks
Pypar;;;Night's Watch
Roose Bolton;;;House Bolton
Shireen Baratheon;Stannis Baratheon;Selyse Florent;House Baratheon of Dragonstone
Smiling Knight;;;Kingswood Brotherhood
Renly Baratheon;Steffon Baratheon;Cassana Baratheon;House Baratheon
Theon Greyjoy;Balon Greyjoy;Alannys Harlaw;House Greyjoy
Robyn Rhysling;;;House Rhysling
Rodrik Harlaw;;;House Harlaw
Wendamyr;;;House Greyjoy
Varamyr;;;
Robin Potter;;;House Potter
Richard Horpe;;;House Horpe
Sansa Stark;Eddard Stark;Catelyn Stark;House Stark
Vargo Hoat;;;Brave Companions
Jaqen Hghar;;;Faceless Men
Robert Arryn;Jon Arryn;Lysa Arryn;House Arryn
Rakharo;;;House Targaryen
Rhaella Targaryen;Jaehaerys II Targaryen;Shaera Targaryen;House Targaryen
Tywin Lannister;Tytos Lannister;Jeyne Marbrand;House Lannister
Shagga;;;Stone Crows
Wyman Manderly;;;House Manderly
Yellow Dick;;;House Bolton
Yoren;;;Night's Watch
Watty;;;Brotherhood without banners
Skahaz mo Kandaq;;;House of Kandaq
Wylis Manderly;;;House Manderly
Theo Wull;;;House Wull
Wylla Manderly;;;House Manderly
Willas Tyrell;Mace Tyrell;Alerie Hightower;House Tyrell
Wendel Manderly;;;House Manderly
Simon Toyne;;;House Toyne
Steffon Baratheon;Ormund Baratheon;Rhaelle Targaryen;House Baratheon
Shagwell;;;Brave Companions
Rickard Karstark;;;House Karstark
Senelle;;;House Lannister
Shiera Seastar;;;House Targaryen
Reznak mo Reznak;;;House of Reznak
Ronnet Connington;;;House Connington
Tytos Blackwood;;;House Blackwood
Syrio Forel;;;House Stark
Rodrik Cassel;;;House Cassel
Stevron Frey;Walder Frey;Perra Royce;House Frey
Steely Pate;;;
Victaria Tyrell;;;House Tyrell
Jon Connington;;;House Connington
Rorge;;;Brave Companions
Rickard Stark;Edwyle Stark;Marna Locke;House Stark
Visenya Targaryen;;;House Targaryen
Petyr Baelish;;;House Baelish
Viserys Targaryen;Aerys II Targaryen;Rhaella Targaryen;House Targaryen
Varys;;;
Stygg;;;House Greyjoy
Salladhor Saan;;;House Baratheon of Dragonstone
Victarion Greyjoy;Quellon Greyjoy;Lady of House Sunderly;House Greyjoy
Timeon;;;Brave Companions
Tysha;;;
Shae;;;
Spotted Cat;;;
Tormund;;;
Rodrik Greyjoy;Balon Greyjoy;Alannys Harlaw;House Greyjoy
Tyrion Lannister;Tywin Lannister;Joanna Lannister;House Lannister
Josmyn Peckledon;;;House Peckledon
Trystane Martell;;;House Martell
Rolland Storm;;;House Caron
Willam Dustin;;;House Dustin
Torrhen Karstark;;;House Karstark
Three Toes;;;Brave Companions
Ygritte;;;Mance Rayder
Tyland Lannister;;;House Lannister
Thoren Smallwood;;;Night's Watch
Rolph Spicer;;;House Spicer
Selyse Florent;;;House Florent
Tyrion Tanner;;;House Stokeworth
Sandor Clegane;;;House Clegane
Ulf son of Umar;;;Moon Brothers
Urswyck;;;Brave Companions
Clydas;;;Night's Watch
Damion Lannister;Damon Lannister son of Jason;Ella Lannister;House Lannister
Kraznys mo Nakloz;;;Good Masters
Dacey Mormont;;;House Mormont
Jojen Reed;;;House Reed
Lyonel Baratheon;;;House Baratheon
Khorane Sathmantes;;;
Vardis Egen;;;House Egen
Tya Lannister;;;House Baratheon
Vyman;;;
Orton Merryweather;;;House Merryweather
Jeor Mormont;;;House Mormont
Rhaego;;;House Targaryen
Samwell Stone;;;House Royce
Mors Umber;;;House Umber
Rhaegar Frey;;;House Frey
Parmen Crane;;;House Crane
Qyburn;;;House Lannister
Weese;;;House Whent
Qarl the Maid;;;
Rickon Stark;Eddard Stark;Catelyn Stark;House Stark
Roslin Frey;Walder Frey;Bethany Rosby;House Frey
Robar Royce;;;House Royce
Robett Glover;;;House Glover
Rhae Targaryen;;;House Targaryen
Ryman Frey;Stevron Frey;Corenna Swann;House Frey
Quaithe;;;
Rolly Duckfield;;;House Targaryen
Togg Joth;;;Brave Companions
Taena of Myr;;;House Merryweather
Pyg;;;Brave Companions
Stonesnake;;;Night's Watch
Tycho Nestoris;;;Iron Bank of Braavos
Tanselle;;;
Rhaelle Targaryen;Aegon V Targaryen;Betha Blackwood;House Targaryen
Tom of Sevenstreams;;;Brotherhood without banners
Shyra Errol;;;House Errol
Steelskin;;;House of Loraq
Val;;;
Satin;;;Night's Watch
Xaro Xhoan Daxos;;;Thirteen
Maelor Targaryen;;;House Targaryen
Arianne Martell;;;House Martell
Damon DanceforMe;;;House Bolton
Alysanne Targaryen;Aenys I Targaryen;Alyssa Velaryon;House Targaryen
Baela Targaryen;;;House Targaryen
Brandon Stark;Rickard Stark;Lyarra Stark;House Stark
Dunstan Drumm;;;House Drumm
Daemon Sand;;;House Allyrion
Jafer Flowers;;;Night's Watch
Lysono Maar;;;Golden Company
Mycah;;;
Joyeuse Erenford;;;House Erenford
Rossart;;;Alchemists' Guild
Tyene Sand;Oberyn Martell;;House Martell
Waymar Royce;;;House Royce
Stiv;;;Night's Watch
Daemon II Blackfyre;;;House Blackfyre
Chataya;;;Chataya's brothel
Hugh Hammer;;;Blacks
Tygett Lannister;Tytos Lannister;Jeyne Marbrand;House Lannister
Sarella Sand;Oberyn Martell;;House Martell
Rhaegar Targaryen;Aerys II Targaryen;Rhaella Targaryen;House Targaryen
Drogo;;;
Dunsen;;;House Clegane
Barra;;;House Baratheon
Bethany Bolton;;;House Bolton
Desmond Grell;;;House Grell
Devan Seaworth;;;House Seaworth
Gendry;;;brotherhood without banners
Gran Goodbrother;;;House Goodbrother
Loras Tyrell;Mace Tyrell;Alerie Hightower;House Tyrell
Ricasso;;;House Martell
Stalwart Shield;;;Unsullied
Yohn Royce;;;House Royce
Yandry;;;House Targaryen
Tarle;;;Drowned men
Temmo;;;
Rohanne Webber;;;House Webber
Gormond Goodbrother;;;House Goodbrother
Walder Rivers;;;House Frey
Symon Silver Tongue;;;
Moqorro;;;R'hllor
Meg;;;Brotherhood Without Banners
Laena Velaryon;;;House Velaryon
Luwin;;;House Stark
Reek;;;House Bolton
Symeon StarEyes;;;
Coldhands;;;Three-eyed crow
Tytos Lannister;;;House Lannister
Robert Baratheon;Steffon Baratheon;Cassana Baratheon;
Lyarra Stark;Rodrik Stark;Arya Flint;
Shaera Targaryen;Aegon V Targaryen;Betha Blackwood;House Targaryen
Robert Baratheon;Steffon Baratheon;Cassana Baratheon;
Lyarra Stark;Rodrik Stark;Arya Flint;
Shaera Targaryen;Aegon V Targaryen;Betha Blackwood;House Targaryen
Robert Baratheon;Steffon Baratheon;Cassana Baratheon;
Lyarra Stark;Rodrik Stark;Arya Flint;
Shaera Targaryen;Aegon V Targaryen;Betha Blackwood;House Targaryen
Robert Baratheon;Steffon Baratheon;Cassana Baratheon;
Lyarra Stark;Rodrik Stark;Arya Flint;
Shaera Targaryen;Aegon V Targaryen;Betha Blackwood;House Targaryen
Robert Baratheon;Steffon Baratheon;Cassana Baratheon;
Lyarra Stark;Rodrik Stark;Arya Flint;
Shaera Targaryen;Aegon V Targaryen;Betha Blackwood;House Targaryen
Robert Baratheon;Steffon Baratheon;Cassana Baratheon;
Lyarra Stark;Rodrik Stark;Arya Flint;
Shaera Targaryen;Aegon V Targaryen;Betha Blackwood;House Targaryen
Robert Baratheon;Steffon Baratheon;Cassana Baratheon;
Lyarra Stark;Rodrik Stark;Arya Flint;
Shaera Targaryen;Aegon V Targaryen;Betha Blackwood;House Targaryen
Robert Baratheon;Steffon Baratheon;Cassana Baratheon;
Lyarra Stark;Rodrik Stark;Arya Flint;
Shaera Targaryen;Aegon V Targaryen;Betha Blackwood;House Targaryen
Willam Stark;Beron Stark;Lorra Royce;House Stark
Sansa Stark;Eddard Stark;Catelyn Stark;House Stark
Cregan Stark;Rickon Stark son of Benjen;Gilliane Glover;House Stark
Jason Lannister;Gerold Lannister;Rohanne Webber;House Lannister
Gerold Lannister;Damon Lannister;Cerissa Brax;House Lannister
Daenerys Targaryen;Aerys II Targaryen;Rhaella Targaryen;House Targaryen
Margaery Tyrell;Mace Tyrell;Alerie Hightower;House Tyrell
Margaery Tyrell;Mace Tyrell;Alerie Hightower;House Tyrell
Margaery Tyrell;Mace Tyrell;Alerie Hightower;House Tyrell
Jon Arryn;Jasper Arryn;;House Arryn
Jon Arryn;Jasper Arryn;;House Arryn
Jon Arryn;Jasper Arryn;;House Arryn
Stevron Frey;Walder Frey;Perra Royce;House Frey
Stevron Frey;Walder Frey;Perra Royce;House Frey
Stevron Frey;Walder Frey;Perra Royce;House Frey
Lysa Arryn;Hoster Tully;Minisa Whent;House Tully
Quellon Greyjoy;;;House Greyjoy
Quellon Greyjoy;;;House Greyjoy
Quellon Greyjoy;;;House Greyjoy
